poste;minuscule;normalisation;slugify;pascal
Chauffage et eau chaude sanitaire;chauffage et eau chaude sanitaire;chauffage et eau chaude sanitaire;chauffage-ecs;ChauffageEcs
Isolation des combles et toitures;isolation des combles et toitures;isolation des combles et toitures;isolation-combles-toitures;IsolationComblesToitures
Isolation des murs;isolation des murs;isolation des murs;isolation-murs;IsolationMurs
Isolation des planchers bas;isolation des planchers bas;isolation des planchers bas;isolation-planchers-bas;IsolationPlanchersBas
Menuiseries extérieures;menuiseries extérieures;menuiseries exterieures;menuiseries-exterieures;MenuiseriesExterieures
Ventilation;ventilation;ventilation;ventilation;Ventilation
Refroidissement;refroidissement;refroidissement;refroidissement;Refroidissement
Régulation;régulation;regulation;regulation;Regulation
Réseau;réseau;reseau;reseau;Reseau
Protections solaires;protections solaires;protections solaires;protections-solaires;ProtectionsSolaires
Production d'électricité;production d'électricité;production d'electricite;production-electricite;ProductionElectricite
